Instrument,Total Assets,Date
5082068583,,
5082069154,,
5082069286,,
5082071849,,
5082086422,,
5082088939,,
5082095955,,
5082096156,,
5082103432,,
5082105073,,
5082105785,,
5082107289,,
5082107776,,
5082108859,,
5082109319,10099234.9016957,2019-12-31T00:00:00Z
5082109319,12783334.1272695,2020-12-31T00:00:00Z
5082110833,11193100.2498917,2020-12-31T00:00:00Z
5082112022,,
5082112132,,
5082124664,,
5082137670,,
5082143202,,
5082145169,,
5082148758,,
5082149584,,
5082150360,,
5082151381,11478978.6472649,2018-12-31T00:00:00Z
5082151381,10382394.4466107,2019-12-31T00:00:00Z
5082151381,,2020-12-31T00:00:00Z
5082152091,,
5082166813,,
5082178971,,
5082341875,44338461.4893377,2019-12-31T00:00:00Z
5082341875,42641669.9456878,2020-12-31T00:00:00Z
5082341888,,
5082341891,,
5082355554,8475625.31714957,2009-04-30T00:00:00Z
5082355554,11300789.1046931,2010-04-30T00:00:00Z
5082355554,13280598.2003745,2011-04-30T00:00:00Z
5082355554,13698876.8084636,2012-04-30T00:00:00Z
5082355554,15963105.3407316,2013-04-30T00:00:00Z
5082355554,14947881.9260683,2014-12-31T00:00:00Z
5082355554,15868305.5500234,2015-12-31T00:00:00Z
5082355554,20266478.2134715,2016-12-31T00:00:00Z
5082355554,26343971.5933494,2017-12-31T00:00:00Z
5082355554,25164964.2630019,2018-12-31T00:00:00Z
5082355554,20031186.3786425,2019-12-31T00:00:00Z
5082355554,20357283.4933193,2020-12-31T00:00:00Z
5082355571,,
5082355683,,
5082355718,,
5082355720,,
5082355735,,
5082355746,,
5082355760,,
5082355836,,
5082355866,15639896.469243,2020-12-31T00:00:00Z
5082355883,14891412.847039,2020-05-31T00:00:00Z
5082355883,15668612.2756601,2021-05-31T00:00:00Z
5082355886,,
5082355952,,
5082358929,,
5082358958,,
5082359040,,
5082359758,,
5082359765,13027289.4280155,2020-12-31T00:00:00Z
5082360107,,
5082360785,,
5082360801,,
5082360812,27804472.4809126,2018-12-31T00:00:00Z
5082360812,37182872.3266353,2019-12-31T00:00:00Z
5082360812,58085873.9891376,2020-12-31T00:00:00Z
5082360814,,
5082360815,12506676.3675559,2018-12-31T00:00:00Z
5082360815,12082559.1099327,2019-12-31T00:00:00Z
5082360815,15193934.0894631,2020-12-31T00:00:00Z
5082360826,,
5082360844,,
5082360845,9259461.53697198,2020-12-31T00:00:00Z
5082360849,11567025.6946463,2017-12-31T00:00:00Z
5082360849,11895961.391359,2018-12-31T00:00:00Z
5082360849,10995616.7251553,2019-12-31T00:00:00Z
5082360849,11554807.8397743,2020-12-31T00:00:00Z
5082360857,2189361.57425459,2019-12-31T00:00:00Z
5082360857,3010430.57253774,2020-12-31T00:00:00Z
5082360861,,
5082360865,,
5082360876,,
5082360954,,
5082361109,50073233.8257398,2020-12-31T00:00:00Z
5082361147,21438938.6972438,2020-12-31T00:00:00Z
5082361173,,
5082395773,,
5082419760,,
5082445343,,
5082446760,,
5082450392,,
5082451796,,
5082452288,,
5082467162,10492036.5597942,2020-12-31T00:00:00Z
5082499805,,
5082503354,,
5082503651,,
5082525049,,
5082527864,,
5082531062,,
5082533788,,
5082535002,,
5082535415,30221190.3983156,2009-12-31T00:00:00Z
5082535415,30905879.4832664,2010-12-31T00:00:00Z
5082535415,25309930.5196375,2011-12-31T00:00:00Z
5082535415,,2012-12-31T00:00:00Z
5082535415,,2013-12-31T00:00:00Z
5082535415,,2014-12-31T00:00:00Z
5082535415,,2015-12-31T00:00:00Z
5082535415,,2016-12-31T00:00:00Z
5082535415,,2017-12-31T00:00:00Z
5082535415,,2018-12-31T00:00:00Z
5082535415,43742396.1380159,2019-12-31T00:00:00Z
5082535415,48199778.1773585,2020-12-31T00:00:00Z
5082535505,11564301.7360648,2013-12-31T00:00:00Z
5082535505,14342517.3410193,2014-12-31T00:00:00Z
5082535505,14992034.8236095,2015-12-31T00:00:00Z
5082535505,17987308.6640415,2016-12-31T00:00:00Z
5082535505,20778301.8942768,2017-12-31T00:00:00Z
5082535505,22571669.1439863,2018-12-31T00:00:00Z
5082535505,26622828.0476921,2019-12-31T00:00:00Z
5082535505,27637999.6495984,2020-12-31T00:00:00Z
5082535582,,
5082535612,,
5082535661,10158171.2919192,2008-03-31T00:00:00Z
5082535661,6505444.15652554,2009-03-31T00:00:00Z
5082535661,13161106.7591447,2010-03-31T00:00:00Z
5082535661,12461375.5828389,2011-03-31T00:00:00Z
5082535661,13148281.2506629,2012-03-31T00:00:00Z
5082535661,12618542.7307502,2013-03-31T00:00:00Z
5082535661,19507345.8967736,2014-03-31T00:00:00Z
5082535661,17044513.3692542,2015-03-31T00:00:00Z
5082535661,16960181.841307,2016-03-31T00:00:00Z
5082535661,19167694.3733489,2017-03-31T00:00:00Z
5082535661,22877818.0627211,2018-03-31T00:00:00Z
5082535661,22754065.3789279,2019-03-31T00:00:00Z
5082535661,21790197.8182714,2020-03-31T00:00:00Z
5082535661,23864885.7359582,2021-03-31T00:00:00Z
5082638546,,
5082703971,,
5082703972,,
5082749966,,
5083182266,,
5083184958,,
5083185217,,
5083185390,,
5083185908,,
5083186042,,
5083221833,,
5083222324,,
5083224798,,
5083225568,,
5083243489,,
5083253201,,
5083253230,,
5083253452,,
5083253487,,
5083253506,11817580.7859823,2014-12-31T00:00:00Z
5083253506,12862817.7360739,2015-12-31T00:00:00Z
5083253506,16295588.8414508,2016-12-31T00:00:00Z
5083253506,18301288.183276,2017-12-31T00:00:00Z
5083253506,19811961.1470403,2018-12-31T00:00:00Z
5083253506,20014278.563692,2019-12-31T00:00:00Z
5083253506,22752111.2986067,2020-12-31T00:00:00Z
5083253705,,
5083253741,,
5083253776,,
5083253815,,
5083253862,,
5083253909,,
5083254219,,
5083254245,,
5083254246,,
5083254352,,
5083254422,,
5083254423,,
5083254442,,
5083254498,,
5083254577,,
5083254688,,
5083254809,,
5083254919,,
5083254955,,
5083255064,,
5083255070,,
5083255085,14819435.4006789,2009-12-31T00:00:00Z
5083255085,25441000.5899152,2010-12-31T00:00:00Z
5083255085,23399587.4121709,2011-12-31T00:00:00Z
5083255085,25109309.8369136,2012-12-31T00:00:00Z
5083255085,20679128.3477847,2013-12-31T00:00:00Z
5083255085,19207051.4109251,2014-12-31T00:00:00Z
5083255085,19431783.964424,2015-12-31T00:00:00Z
5083255085,21239922.5160622,2016-12-31T00:00:00Z
5083255085,27875469.5087071,2017-12-31T00:00:00Z
5083255085,23701182.0856912,2018-12-31T00:00:00Z
5083255085,24349531.6887191,2019-12-31T00:00:00Z
5083255085,27289573.5585125,2020-12-31T00:00:00Z
5083255113,,
5083255159,,
5083255168,,
5083255296,,
5083255371,,
5083255375,,
5083255579,,
5083255618,,
5083255644,,
5083255656,,
5083255735,,
5083255818,,
5083255926,,
5083255955,,
5083255973,,
5083255975,,
5083256087,,
5083256099,10272409.4730586,2008-12-31T00:00:00Z
5083256099,12255312.9867228,2009-12-31T00:00:00Z
5083256099,12868034.3668005,2010-12-31T00:00:00Z
5083256099,13456844.5671126,2011-12-31T00:00:00Z
5083256099,17289006.7548249,2012-12-31T00:00:00Z
5083256099,14540882.7050977,2013-12-31T00:00:00Z
5083256099,13342300.1409095,2014-12-31T00:00:00Z
5083256099,12520868.4718499,2015-12-31T00:00:00Z
5083256099,12676813.4540933,2016-12-31T00:00:00Z
5083256099,13820443.3733132,2017-12-31T00:00:00Z
5083256099,14830723.7941256,2018-12-31T00:00:00Z
5083256099,13967141.1309539,2019-12-31T00:00:00Z
5083256099,16256929.5397752,2020-12-31T00:00:00Z
5083256304,,
5083256430,,
5083256505,,
5083256506,,
5083256571,,
5083256599,,
5083256726,,
5083256840,,
5083256857,,
5083256907,8560648.53783512,2014-12-31T00:00:00Z
5083256907,7666361.8085876,2015-12-31T00:00:00Z
5083256940,4468208.41885898,2020-12-31T00:00:00Z
5083256989,,
5083257009,,
5083257071,11446636.5916243,2014-04-30T00:00:00Z
5083257071,13435459.0073769,2015-04-30T00:00:00Z
5083257071,16630220.6228198,2016-04-30T00:00:00Z
5083257071,17913957.3038254,2017-04-30T00:00:00Z
5083257071,21562629.5839451,2018-04-30T00:00:00Z
5083257071,19681659.2993767,2019-04-30T00:00:00Z
5083257071,18907877.4234505,2020-04-30T00:00:00Z
5083257071,20586372.0111712,2021-04-30T00:00:00Z
5083257074,,
5083257122,,
5083257200,5842831.85508678,2019-12-31T00:00:00Z
5083257200,6341063.61079606,2020-12-31T00:00:00Z
5083257307,,
5083257419,,
5083257435,,
5083257493,,
5083257543,,
5083257582,,
5083257594,,
5083257676,,
5083257687,11718921.0254922,2016-12-31T00:00:00Z
5083257687,11082084.6432289,2017-12-31T00:00:00Z
5083257687,10777266.1609629,2018-12-31T00:00:00Z
5083257687,10155732.4997617,2019-12-31T00:00:00Z
5083257687,,2020-12-31T00:00:00Z
5083257689,,
5083257705,,
5083257860,,
5083257911,,
5083257914,,
5083258075,,
5083258081,,
5083258083,,
5083258351,,
5083258451,,
5083258573,,
5083258616,,
5083258871,,
5083258897,,
5083259063,,
5083259290,,
5083259292,,
5083259424,,
5083259487,,
5083259525,,
5083259550,,
5083259760,,
5083260211,,
5083260410,,
5083260480,,
5083260512,,
5083260767,,
5083260810,10009486.3241952,2020-12-31T00:00:00Z
5083260874,2244969.53044443,2019-12-31T00:00:00Z
5083260874,2182438.52388724,2020-12-31T00:00:00Z
5083261244,,
5083261263,,
5083261901,,
5083261927,,
5083261984,,
5083262004,,
5083262096,,
5083262311,,
5083262501,,
5083262542,,
5083262738,,
5083262742,,
5083262792,7319557.80920318,2017-12-31T00:00:00Z
5083262792,3772763.70340429,2018-12-31T00:00:00Z
5083262882,,
5083262902,,
5083263077,,
5083263158,,
5083263429,,
5083263483,,
5083263494,,
5083263506,,
5083263640,,
5083263643,,
5083263707,,
5083263739,,
5083263874,,
5083264010,,
5083264024,,
5083264100,14307589.0324306,2020-12-31T00:00:00Z
5083264334,,
5083264409,,
5083264434,,
5083264513,,
5083264525,,
5083264533,,
5083264573,,
5083264605,,
5083264617,,
5083264765,,
5083264874,,
5083264908,,
5083264964,10088298.4583135,2013-12-31T00:00:00Z
5083264964,10025821.9397932,2014-12-31T00:00:00Z
5083264964,,2015-12-31T00:00:00Z
5083264964,11748115.6045596,2016-12-31T00:00:00Z
5083264964,15240109.5914176,2017-12-31T00:00:00Z
5083264964,16651226.0244319,2018-12-31T00:00:00Z
5083264964,14339594.3417644,2019-12-31T00:00:00Z
5083264964,14706068.2739034,2020-12-31T00:00:00Z
5083264993,,
5083265180,,
5083265265,,
5083265385,8265440.65055468,2008-12-31T00:00:00Z
5083265385,9891889.51574786,2009-12-31T00:00:00Z
5083265385,10827998.6568496,2010-12-31T00:00:00Z
5083265385,11940197.9594303,2011-12-31T00:00:00Z
5083265385,12349777.5986607,2012-12-31T00:00:00Z
5083265385,13046859.9733206,2013-12-31T00:00:00Z
5083265385,13530970.5224632,2014-12-31T00:00:00Z
5083265385,13202766.4836802,2015-12-31T00:00:00Z
5083265385,12948570.2101554,2016-12-31T00:00:00Z
5083265385,23832321.2037098,2017-12-31T00:00:00Z
5083265385,17074218.4092338,2018-12-31T00:00:00Z
5083265385,13422259.8308595,2019-12-31T00:00:00Z
5083265385,14187660.349295,2020-12-31T00:00:00Z
5083265453,3692070.26176922,2019-12-31T00:00:00Z
5083265453,5572998.28303227,2020-12-31T00:00:00Z
5083265478,,
5083265672,,
5083265745,,
5083265747,,
5083265801,,
5083265828,,
5083265888,,
5083265989,,
5083266110,,
5083266116,,
5083266271,,
5083266310,,
5083266858,,
5083266892,,
5083266951,,
5083276865,,
5083277508,,
5083277739,,
5083277895,,
5083277908,,
5083278025,,
5083278125,,
5083278261,,
5083278570,13957296.027065,2015-12-31T00:00:00Z
5083278570,14490444.7883938,2016-12-31T00:00:00Z
5083278570,19050149.2436959,2017-12-31T00:00:00Z
5083278570,21891959.7260397,2018-12-31T00:00:00Z
5083278570,24592853.9352032,2019-12-31T00:00:00Z
5083278570,34895133.7971544,2020-12-31T00:00:00Z
5083278576,,
5083278829,,
5083278862,,
5083278889,,
5083278917,,
5083279059,,
5083279147,8038950.83201268,2008-12-31T00:00:00Z
5083279147,12692623.1263696,2009-12-31T00:00:00Z
5083279147,13552556.4274877,2010-12-31T00:00:00Z
5083279147,,2011-12-31T00:00:00Z
5083279147,15405332.1705353,2012-12-31T00:00:00Z
5083279147,15386032.91091,2013-12-31T00:00:00Z
5083279147,17038106.278708,2014-12-31T00:00:00Z
5083279147,20305779.6612622,2015-12-31T00:00:00Z
5083279147,21317253.2095337,2016-12-31T00:00:00Z
5083279147,34971378.5355927,2017-12-31T00:00:00Z
5083279147,37387265.5169316,2018-12-31T00:00:00Z
5083279147,39715570.6066357,2019-12-31T00:00:00Z
5083279147,55641345.7827326,2020-12-31T00:00:00Z
5083279159,,
5083279203,,
5083279273,,
5083279457,,
5083279464,11250744.0466889,2013-12-31T00:00:00Z
5083279464,12717904.8256931,2014-12-31T00:00:00Z
5083279464,28619034.3955062,2015-12-31T00:00:00Z
5083279464,27891525.6082902,2016-12-31T00:00:00Z
5083279464,31714913.6781792,2017-12-31T00:00:00Z
5083279464,30072487.9951496,2018-12-31T00:00:00Z
5083279464,29162112.3242091,2019-12-31T00:00:00Z
5083279464,15837711.2137726,2020-12-31T00:00:00Z
5083279478,,
5083279587,,
5083279986,,
5083279993,6445441.07896402,2019-12-31T00:00:00Z
5083279993,7687883.39834205,2020-12-31T00:00:00Z
5083280256,,
5083280278,,
5083280549,,
5083280581,,
5083280645,,
5083280869,,
5083281067,,
5083281251,,
5083281279,11463869.1800534,2012-12-31T00:00:00Z
5083281279,11038016.7012863,2013-12-31T00:00:00Z
5083281574,,
5083281589,,
5083281594,,
5083281849,,
5083281879,,
5083282541,,
5083282749,,
5083282861,,
5083282982,,
5083283668,,
5083283739,,
5083284069,,
5083284478,,
5083284839,,
5083285171,,
5083285575,13371984.0862357,2020-12-31T00:00:00Z
5083285702,,
5083287987,11413776.5395513,2019-12-31T00:00:00Z
5083287987,12265990.3298385,2020-12-31T00:00:00Z
5083288216,,
5083289422,,
5083290123,14344299.3218653,2016-12-31T00:00:00Z
5083290123,20402178.1398576,2017-12-31T00:00:00Z
5083290123,23675489.6478936,2018-12-31T00:00:00Z
5083290123,25124178.7829161,2019-12-31T00:00:00Z
5083290123,27173544.5747692,2020-12-31T00:00:00Z
5083290245,,
5083290779,,
5083291679,,
5083291697,,
5083291698,,
5083291937,,
5083291946,,
5083292009,,
5083292026,,
5083292205,,
5083292322,,
5083292523,,
5083292537,,
5083292574,,
5083292797,,
5083292807,,
5083292854,,
5083292975,,
5083293077,,
5083293090,,
5083293095,11465353.7721429,2017-12-31T00:00:00Z
5083293095,12921222.833019,2018-12-31T00:00:00Z
5083293095,20192993.3929484,2019-12-31T00:00:00Z
5083293095,27082061.1340102,2020-12-31T00:00:00Z
5083293166,,
5083293202,,
5083293263,5047245.8585701,2019-12-31T00:00:00Z
5083293263,4752795.56188737,2020-12-31T00:00:00Z
5083293432,,
5083293521,,
5083293603,,
5083293693,,
5083293914,,
5083293934,,
5083294051,,
5083294197,,
5083294276,,
5083294323,12962185.2415203,2017-12-31T00:00:00Z
5083294323,15251495.4711219,2018-12-31T00:00:00Z
5083294323,16068981.7524067,2019-12-31T00:00:00Z
5083294323,14139934.1586213,2020-12-31T00:00:00Z
5083294613,15565651.6176969,2012-12-31T00:00:00Z
5083294613,19061235.6293473,2013-12-31T00:00:00Z
5083294613,26367523.7853418,2014-12-31T00:00:00Z
5083294613,51124623.4733393,2015-12-31T00:00:00Z
5083294613,71438434.1803109,2016-12-31T00:00:00Z
5083294613,84343054.198824,2017-12-31T00:00:00Z
5083294613,63505349.1439863,2018-12-31T00:00:00Z
5083294613,73604891.5559715,2019-12-31T00:00:00Z
5083294613,72623119.9802669,2020-12-31T00:00:00Z
5083294785,,
5083294786,,
5083294806,,
5083294930,,
5083295070,,
5083295555,12197233.7914309,2018-12-31T00:00:00Z
5083295555,12971404.0708103,2019-12-31T00:00:00Z
5083295555,12951503.725322,2020-12-31T00:00:00Z
5083295752,,
5083295836,,
5083295977,,
5083296020,,
5083296050,,
5083296332,,
5083296625,,
5083296715,,
5083296969,,
5083297040,,
5083297207,,
5083297223,11870778.1495057,2019-12-31T00:00:00Z
5083297223,12381283.406641,2020-12-31T00:00:00Z
5083297674,,
5083297969,,
5083298126,,
5083298239,,
5083298434,,
5083298958,,
5083299041,,
5083299372,,
5083299383,,
5083299606,,
5083299928,,
5083300215,,
5083300216,,
5083300583,,
5083300865,,
5083301261,,
5083303293,,
5083303326,,
5083303455,,
5083304359,1743676.28220125,2019-12-31T00:00:00Z
5083304359,2673507.4607873,2020-12-31T00:00:00Z
5083304540,,
5083304983,,
5083305024,,
5083305055,11814412.0722896,2018-09-30T00:00:00Z
5083305055,9864744.24375464,2019-09-30T00:00:00Z
5083305055,10759311.5150474,2020-09-30T00:00:00Z
5083305064,,
5083305144,,
5083305208,,
5083305221,,
5083305331,,
5083305497,,
5083305602,,
5083305697,,
5083305774,,
5083305818,,
5083306131,,
5083306137,,
5083306255,,
5083306630,,
5083306824,,
5083306846,13620050.5659387,2017-12-31T00:00:00Z
5083306846,17085388.2313842,2018-12-31T00:00:00Z
5083306846,18298411.0027988,2019-12-31T00:00:00Z
5083306846,21694977.9154795,2020-12-31T00:00:00Z
5083306959,,
5083307103,,
5083307128,,
5083307216,10745493.5988447,2017-12-31T00:00:00Z
5083307216,13460068.9562562,2018-12-31T00:00:00Z
5083307216,15194814.8353219,2019-12-31T00:00:00Z
5083307216,17703033.5869134,2020-12-31T00:00:00Z
5083307491,,
5083307536,,
5083307671,,
5083307760,,
5083307761,,
5083307798,,
5083307983,,
5083308210,,
5083308245,,
5083308358,,
5083308374,,
5083308560,,
5083308644,,
5083308723,16039778.203539,2018-12-31T00:00:00Z
5083308723,21412706.0975504,2019-12-31T00:00:00Z
5083308723,29726571.4975979,2020-12-31T00:00:00Z
5083308734,,
5083308804,,
5083309057,,
5083309094,,
5083309126,,
5083309150,,
5083309157,,
5083309159,11914334.9537411,2018-12-31T00:00:00Z
5083309159,10684786.9548641,2019-12-31T00:00:00Z
5083309159,11312987.6326685,2020-12-31T00:00:00Z
5083309224,,
5083309546,,
5083309624,849508.074912169,2020-12-31T00:00:00Z
5083309723,,
5083309770,,
5083309809,,
5083309828,,
5083309881,,
5083310035,,
5083310037,,
5083310055,,
5083310143,,
5083310154,,
5083310189,,
5083310341,,
5083310397,,
5083310412,,
5083310451,,
5083310497,,
5083310544,,
5083310701,,
5083310742,,
5083310757,,
5083310900,14418239.2884311,2008-12-31T00:00:00Z
5083310900,14960155.7418468,2009-12-31T00:00:00Z
5083310900,14964416.4587238,2010-12-31T00:00:00Z
5083310900,16158116.7069486,2011-12-31T00:00:00Z
5083310900,18214740.9644107,2012-12-31T00:00:00Z
5083310900,44539987.066222,2013-12-31T00:00:00Z
5083310900,62712007.5487236,2014-12-31T00:00:00Z
5083310900,59621015.7981191,2015-12-31T00:00:00Z
5083310900,78168919.7537824,2016-12-31T00:00:00Z
5083310900,92526513.7353826,2017-12-31T00:00:00Z
5083310900,123030865.851073,2018-12-31T00:00:00Z
5083310900,129724587.016386,2019-12-31T00:00:00Z
5083310900,166203516.914253,2020-12-31T00:00:00Z
5083310925,,
5083310954,,
5083310985,,
5083311002,,
5083311023,,
5083311032,,
5083311060,9377885.83547724,2020-12-31T00:00:00Z
5083311085,,
5083311178,,
5083311208,1640691.0586013,2019-12-31T00:00:00Z
5083311208,1747470.18912464,2020-12-31T00:00:00Z
5083311272,12015773.1833288,2018-12-31T00:00:00Z
5083311272,13607801.6957377,2019-12-31T00:00:00Z
5083311272,17374956.1094359,2020-12-31T00:00:00Z
5083311463,,
5083311492,,
5083311508,,
5083311512,,
5083311536,12137277.867907,2017-12-31T00:00:00Z
5083311536,10817619.7440043,2018-12-31T00:00:00Z
5083311536,11143595.6865701,2019-12-31T00:00:00Z
5083311536,13039609.0671019,2020-12-31T00:00:00Z
5083311562,,
5083311570,,
5083311609,,
5083311633,,
5083311648,,
5083311670,,
5083311695,,
5083311711,,
5083311757,,
5083311802,12322635.1217102,2018-12-31T00:00:00Z
5083311802,14952365.2724705,2019-12-31T00:00:00Z
5083311802,20466822.4801055,2020-12-31T00:00:00Z
5083311827,,
5083311832,,
5083311861,,
5083311910,,
5083311988,,
5083312002,,
5083312053,,
5083312076,,
5083312081,,
5083312089,,
5083312136,,
5083312155,,
5083312156,,
5083312168,,
5083312212,,
5083312275,,
5083312297,,
5083312305,,
5083312354,26876569.2436334,2019-12-31T00:00:00Z
5083312354,,2020-12-31T00:00:00Z
5083312361,10145818.7981676,2018-12-31T00:00:00Z
5083312361,16756422.639008,2019-12-31T00:00:00Z
5083312361,18537713.9920883,2020-12-31T00:00:00Z
5083312389,68512839.3878297,2017-12-31T00:00:00Z
5083312389,71628847.2379413,2018-12-31T00:00:00Z
5083312389,76912517.0752207,2019-12-31T00:00:00Z
5083312389,84073123.9481037,2020-12-31T00:00:00Z
5083312394,,
5083312408,,
5083312425,15418572.5331268,2020-12-31T00:00:00Z
5083312441,29476104.2569948,2016-12-31T00:00:00Z
5083312441,34174559.0432964,2017-12-31T00:00:00Z
5083312441,42929496.9298482,2018-12-31T00:00:00Z
5083312441,35559704.8445935,2019-12-31T00:00:00Z
5083312441,37592330.0801313,2020-12-31T00:00:00Z
5083312506,,
5083312536,,
5083312557,5722283.34503106,2019-12-31T00:00:00Z
5083312557,11705717.6869807,2020-12-31T00:00:00Z
5083312589,7841854.73147219,2017-12-31T00:00:00Z
5083312589,10516863.3962095,2018-12-31T00:00:00Z
5083312589,11392466.6484702,2019-12-31T00:00:00Z
5083312589,20923980.7546543,2020-12-31T00:00:00Z
5083312701,,
5083312780,,
5083312799,,
5083312816,,
5083312845,,
5083312894,9425507.80186529,2016-12-31T00:00:00Z
5083312894,13433173.3178915,2017-12-31T00:00:00Z
5083312894,12478184.1695859,2018-12-31T00:00:00Z
5083312919,,
5083312981,,
5083312997,,
5083313055,10472127.9841695,2015-12-31T00:00:00Z
5083313055,15406698.2325389,2016-12-31T00:00:00Z
5083313055,19129938.3234712,2017-12-31T00:00:00Z
5083313055,20562194.7669092,2018-12-31T00:00:00Z
5083313055,19297021.3331947,2019-12-31T00:00:00Z
5083313055,19853831.9188175,2020-12-31T00:00:00Z
5083313148,,
5083313152,,
5083313187,,
5083313219,12005294.6528878,2017-12-31T00:00:00Z
5083313219,6478484.06718764,2018-12-31T00:00:00Z
5083313224,11784026.3190515,2018-12-31T00:00:00Z
5083313224,14105810.6172069,2019-12-31T00:00:00Z
5083313224,20461187.5561334,2020-12-31T00:00:00Z
5083313246,6833291.09932673,2019-12-31T00:00:00Z
5083313246,7540071.45979142,2020-12-31T00:00:00Z
5083313283,24201400.0414949,2020-12-31T00:00:00Z
5083313303,,
5083313312,,
5083313315,,
5083313340,26956177.1175059,2019-12-31T00:00:00Z
5083313340,37490986.0567835,2020-12-31T00:00:00Z
5083313363,37518052.8462758,2008-12-31T00:00:00Z
5083313363,39272207.6423323,2009-12-31T00:00:00Z
5083313363,,2010-12-31T00:00:00Z
5083313363,,2011-12-31T00:00:00Z
5083313363,,2012-12-31T00:00:00Z
5083313363,,2013-12-31T00:00:00Z
5083313363,,2014-12-31T00:00:00Z
5083313363,,2015-12-31T00:00:00Z
5083313363,,2016-12-31T00:00:00Z
5083313363,,2017-12-31T00:00:00Z
5083313363,46962851.9527531,2018-12-31T00:00:00Z
5083313363,45462340.482813,2019-12-31T00:00:00Z
5083313363,50315268.1623281,2020-12-31T00:00:00Z
5083313427,,
5083313432,,
5083313457,18644289.7409326,2016-12-31T00:00:00Z
5083313457,24063886.8966681,2017-12-31T00:00:00Z
5083313457,22298421.5000449,2018-12-31T00:00:00Z
5083313457,33429470.7764694,2019-12-31T00:00:00Z
5083313457,32718884.6302802,2020-12-31T00:00:00Z
5083313488,,
5083313523,,
5083313721,,
5083313724,12980504.0285261,2008-12-31T00:00:00Z
5083313724,13114718.4213466,2009-12-31T00:00:00Z
5083313724,7121191.60910308,2010-12-31T00:00:00Z
5083313724,10101840.0785498,2011-12-31T00:00:00Z
5083313724,9381782.04826756,2012-12-31T00:00:00Z
5083313724,10375450.4564078,2013-12-31T00:00:00Z
5083313724,14107494.29591,2014-12-31T00:00:00Z
5083313724,18995312.7503298,2015-12-31T00:00:00Z
5083313724,17287684.481658,2016-12-31T00:00:00Z
5083313724,19042648.212159,2017-12-31T00:00:00Z
5083313724,19251082.0443726,2018-12-31T00:00:00Z
5083313724,17223605.6547696,2019-12-31T00:00:00Z
5083313724,15548463.0842716,2020-12-31T00:00:00Z
5083313768,,
5083313780,,
5083323092,,
5083323748,,
5083323751,,
5083323868,,
5083324564,,
5083324711,,
5083324714,,
5083324739,,
5083324982,,
5083325038,,
5083325171,62597249.3858954,2008-12-31T00:00:00Z
5083325171,66984262.6038757,2009-12-31T00:00:00Z
5083325171,76105458.3596609,2010-12-31T00:00:00Z
5083325171,74472547.1394044,2011-12-31T00:00:00Z
5083325171,88974476.2621798,2012-12-31T00:00:00Z
5083325171,84565769.1357789,2013-12-31T00:00:00Z
5083325171,77917225.8001647,2014-12-31T00:00:00Z
5083325171,81659737.1607303,2015-12-31T00:00:00Z
5083325171,87900504.9931606,2016-12-31T00:00:00Z
5083325171,109145093.2575,2017-12-31T00:00:00Z
5083325171,111079869.997305,2018-12-31T00:00:00Z
5083325171,111167699.883023,2019-12-31T00:00:00Z
5083325171,96987375.6959621,2020-12-31T00:00:00Z
5083325353,,
5083325471,,
5083325706,,
5083325927,,
5083325957,,
5083326404,,
5083326432,,
5083326557,,
5083326927,,
5083326942,,
5083327008,,
5083327041,,
5083335599,,
5083337040,,
5083337851,,
5083337921,,
5083338108,,
5083338241,,
5083338270,,
5083338350,,
5083338529,5911415.28065024,2015-12-31T00:00:00Z
5083338529,6418011.98756477,2016-12-31T00:00:00Z
5083338529,8799384.57477236,2017-12-31T00:00:00Z
5083338529,8216599.65687595,2018-12-31T00:00:00Z
5083338529,8574456.40992314,2019-12-31T00:00:00Z
5083338529,10226996.4729315,2020-12-31T00:00:00Z
5083338748,,
5083338909,,
5083339016,,
5083339134,,
5083339713,,
5083339724,,
5083339852,,
5083340034,,
5083340104,13784898.3173209,2014-12-31T00:00:00Z
5083340104,16624706.6113452,2015-12-31T00:00:00Z
5083340104,25836668.2860104,2016-12-31T00:00:00Z
5083340104,33904585.3756201,2017-12-31T00:00:00Z
5083340104,34673205.4926794,2018-12-31T00:00:00Z
5083340104,35954528.8864627,2019-12-31T00:00:00Z
5083340104,36056904.247236,2020-12-31T00:00:00Z
5083340212,,
5083340358,,
5083340391,9402614.92023881,2019-12-31T00:00:00Z
5083340391,12557341.6784236,2020-12-31T00:00:00Z
5083340411,,
5083340413,,
5083340856,,
5083340857,,
5083340936,,
5083341011,,
5083341058,,
5083341380,,
5083341392,,
5083341407,,
5083341446,,
5083341476,,
5083341591,13923195.0047544,2008-12-31T00:00:00Z
5083341591,17484555.2073218,2009-12-31T00:00:00Z
5083341591,15924723.2967425,2010-12-31T00:00:00Z
5083341591,18925871.2127751,2011-12-31T00:00:00Z
5083341591,17223008.2051089,2012-12-31T00:00:00Z
5083341591,19060973.0709862,2013-12-31T00:00:00Z
5083341591,18675950.850947,2014-12-31T00:00:00Z
5083341591,17304435.4551257,2015-12-31T00:00:00Z
5083341591,16995479.2779275,2016-12-31T00:00:00Z
5083341591,21298409.0568939,2017-12-31T00:00:00Z
5083341591,22540273.6540016,2018-12-31T00:00:00Z
5083341591,22765729.1550773,2019-12-31T00:00:00Z
5083341591,27637674.7895285,2020-12-31T00:00:00Z
5083341643,15517747.319889,2020-12-31T00:00:00Z
5083341740,,
5083343609,,
5083343619,,
5083371252,,
5083375586,,
5083375603,,
5083375605,,
5083375610,,
5083375629,,
5083375720,,
5083375741,,
5083375751,,
5083375763,,
5083375771,,
5083375777,,
5083375788,11845130.541475,2019-12-31T00:00:00Z
5083375788,15820980.684574,2020-12-31T00:00:00Z
5083375791,,
5083375792,,
5083375799,,
5083375818,,
5083375827,4447702.69481054,2019-12-31T00:00:00Z
5083375827,3833474.83747822,2020-12-31T00:00:00Z
5083375835,,
5083375850,8084515.75727642,2019-12-31T00:00:00Z
5083375850,8730714.73346427,2020-12-31T00:00:00Z
5083375853,,
5083375863,,
5083375880,,
5083375890,14421440.7673795,2020-12-31T00:00:00Z
5083375893,12867444.0694533,2020-12-31T00:00:00Z
5083375898,24110698.5728769,2019-12-31T00:00:00Z
5083375898,21567352.6976311,2020-12-31T00:00:00Z
5083375899,,
5083375907,,
5083375909,,
5083375919,,
5083375924,,
5083375931,,
5083375950,,
5083375958,,
5083375964,,
5083375972,,
5083375978,,
5083376008,,
5083376029,,
5083376051,,
5083376056,,
5083376088,10377570.8353543,2018-12-31T00:00:00Z
5083376088,12551676.0049217,2019-12-31T00:00:00Z
5083376093,,
5083376107,,
5083376125,,
5083376130,,
5083376143,,
5083376156,11811443.6022078,2019-12-31T00:00:00Z
5083376156,10479395.5093271,2020-12-31T00:00:00Z
5083376165,,
5083376175,,
5083376176,15914395.3676987,2019-12-31T00:00:00Z
5083376176,16265294.6158031,2020-12-31T00:00:00Z
5083376180,,
5083376183,,
5083376198,,
5083376207,,
5083376216,,
5083376229,,
5083376263,,
5083376267,31228117.4398554,2020-12-31T00:00:00Z
5083376273,,
5083376285,10471776.393747,2017-12-31T00:00:00Z
5083376285,10058858.8287074,2018-12-31T00:00:00Z
5083376285,9683956.30421032,2019-12-31T00:00:00Z
5083376285,10198246.5462392,2020-12-31T00:00:00Z
5083376300,,
5083376305,,
5083376311,,
5083376317,,
5083376338,,
5083376349,,
5083376370,9236688.64906135,2018-12-31T00:00:00Z
5083376370,10657865.834828,2019-12-31T00:00:00Z
5083376370,11374258.9117265,2020-12-31T00:00:00Z
5083376378,,
5083376379,,
5083376390,,
5083376396,,
5083376408,,
5083376414,,
5083376416,,
5083376420,,
5083376434,,
5083376440,,
5083376446,,
5083376472,,
5083376473,,
5083376482,,
5083376487,,
5083376505,,
5083376508,,
5083376510,,
5083376541,,
5083376553,,
5083376565,,
5083376567,,
5083376573,,
5083376604,,
5083376605,,
5083376608,,
5083376643,,
5083376648,,
5083376660,,
5083376674,13445508.6401652,2020-12-31T00:00:00Z
5083376702,13053753.2003952,2018-12-31T00:00:00Z
5083376702,24785936.3842748,2019-12-31T00:00:00Z
5083376702,23831916.5822937,2020-12-31T00:00:00Z
5083376714,,
5083376725,,
5083376727,,
5083376753,,
5083376765,,
5083376768,,
5083376772,,
5083376773,,
5083376774,,
5083376778,,
5083376802,,
5083376814,,
5083376815,,
5083376816,,
5083376817,,
5083376819,6532834.63904027,2020-12-31T00:00:00Z
5083376824,,
5083376841,,
5083376858,,
5083376865,,
5083376866,,
5083376872,,
5083376876,,
5083376879,,
5083376880,,
5083376885,,
5083376906,,
5083376914,,
5083376921,,
5083376923,,
5083376925,,
5083376929,,
5083376931,,
5083376934,,
5083376949,,
5083376954,,
5083376957,,
5083376961,13349022.4934363,2019-12-31T00:00:00Z
5083376961,20307505.9254751,2020-12-31T00:00:00Z
5083376976,,
5083376982,,
5083376993,,
5083376999,,
5083377002,,
5083377020,,
5083377024,,
5083377029,751902.157736037,2020-12-31T00:00:00Z
5083377035,,
5083377050,14211349.3784245,2018-12-31T00:00:00Z
5083377050,14048336.7568692,2019-12-31T00:00:00Z
5083377050,17717539.0799192,2020-12-31T00:00:00Z
5083377058,,
5083377062,21127932.2380791,2019-12-31T00:00:00Z
5083377062,5014659.27227125,2020-12-31T00:00:00Z
5083377065,,
5083387067,,
5083398124,,
5083425431,,
5083425906,,
5083426091,,
5083426103,,
5083426111,,
5083426504,,
5083426580,,
5083426661,,
5083426702,21592035.1600567,2009-12-31T00:00:00Z
5083426702,24110525.5725123,2010-12-31T00:00:00Z
5083426702,30423193.6555891,2011-12-31T00:00:00Z
5083426702,35835613.6243934,2012-12-31T00:00:00Z
5083426702,36849914.9947594,2013-12-31T00:00:00Z
5083426702,30628961.9205783,2014-12-31T00:00:00Z
5083426702,28860582.4392527,2015-12-31T00:00:00Z
5083426702,23901410.1935751,2016-12-31T00:00:00Z
5083426702,25916430.9489202,2017-12-31T00:00:00Z
5083426702,24970650.5272613,2018-12-31T00:00:00Z
5083426702,,2019-12-31T00:00:00Z
5083426702,32129514.866248,2020-12-31T00:00:00Z
5083426792,,
5083426815,,
5083427070,,
5083427074,,
5083427460,,
5083427530,,
5083427790,,
5083427840,,
5083427995,9393977.25512953,2016-12-31T00:00:00Z
5083427995,15031351.1023378,2017-12-31T00:00:00Z
5083427995,23119008.3715081,2018-12-31T00:00:00Z
5083427995,21386944.0319911,2019-12-31T00:00:00Z
5083427995,21305557.4391177,2020-12-31T00:00:00Z
5083428500,,
5083428515,,
5083428535,,
5083428919,,
5083428935,,
5083428990,,
5083429325,9010786.4107772,2016-12-31T00:00:00Z
5083429325,12666318.0096964,2017-12-31T00:00:00Z
5083429325,16346150.4428276,2018-12-31T00:00:00Z
5083429325,16975610.4984966,2019-12-31T00:00:00Z
5083429325,16765024.2256586,2020-12-31T00:00:00Z
5083429471,,
5083429560,18338420.1719493,2008-12-31T00:00:00Z
5083429560,20850720.553431,2009-12-31T00:00:00Z
5083429560,16672616.5613565,2010-12-31T00:00:00Z
5083429560,14678924.4583513,2011-12-31T00:00:00Z
5083429560,16370321.4316617,2012-12-31T00:00:00Z
5083429560,16555746.3296808,2013-12-31T00:00:00Z
5083429560,18699455.993229,2014-12-31T00:00:00Z
5083429560,22995955.593004,2015-12-31T00:00:00Z
5083429560,24152520.3382383,2016-12-31T00:00:00Z
5083429560,30203649.7932237,2017-12-31T00:00:00Z
5083429560,28117384.5980419,2018-12-31T00:00:00Z
5083429560,25748856.4177216,2019-12-31T00:00:00Z
5083429560,,2020-12-31T00:00:00Z
5083429983,38831785.1024003,2020-12-31T00:00:00Z
5083430332,6018692.91810722,2019-12-31T00:00:00Z
5083430332,7232705.95037207,2020-12-31T00:00:00Z
5083430438,,
5083445634,,
5083455018,,
5083466956,,
5083466959,,
5083468185,,
5083474810,,
5083475371,,
5083478450,,
5083478463,,
5083501138,,
5083502310,,
5083505245,,
5083518424,,
5083522040,,
5083522153,,
5083564210,,
5083564447,,
5083564529,,
5083564906,8985155.56412475,2012-12-31T00:00:00Z
5083564906,15287459.654121,2013-12-31T00:00:00Z
5083564906,23626668.0904017,2014-12-31T00:00:00Z
5083564906,24104508.0165113,2015-12-31T00:00:00Z
5083564906,22269162.8327461,2016-12-31T00:00:00Z
5083564906,24614435.8534092,2017-12-31T00:00:00Z
5083564906,24032005.2672236,2018-12-31T00:00:00Z
5083564906,23090830.9643263,2019-12-31T00:00:00Z
5083564906,26565859.1837488,2020-12-31T00:00:00Z
5083564919,,
5083564978,,
5083565002,,
5083565139,15176037.9910754,2010-12-31T00:00:00Z
5083565139,23690885.4613725,2011-12-31T00:00:00Z
5083565139,49784167.7043753,2012-12-31T00:00:00Z
5083565139,65730914.8060981,2013-12-31T00:00:00Z
5083565139,94767796.8798609,2014-12-31T00:00:00Z
5083565139,133557130.919614,2015-12-31T00:00:00Z
5083565139,188765418.123109,2016-12-31T00:00:00Z
5083565139,293551698.303591,2017-12-31T00:00:00Z
5083565139,362534081.241355,2018-12-31T00:00:00Z
5083565139,444100343.140364,2019-12-31T00:00:00Z
5083565139,612926007.345524,2020-12-31T00:00:00Z
5083565380,14654322.04459,2019-12-31T00:00:00Z
5083565380,17723089.6539323,2020-12-31T00:00:00Z
5083565452,,
5083565513,19639579.0697271,2019-12-31T00:00:00Z
5083565513,20961920.09092,2020-12-31T00:00:00Z
5083565632,,
5083565820,,
5083565879,,
5083565976,,
5083566135,,
5083566228,,
5083566481,,
5083566513,,
5083566548,,
5083566585,,
5083566783,,
5083566796,,
5083567120,,
5083567160,12612933.5540424,2012-12-31T00:00:00Z
5083567160,13420346.0609814,2013-12-31T00:00:00Z
5083567160,11728237.2632446,2014-12-31T00:00:00Z
5083567160,12664403.2009873,2015-12-31T00:00:00Z
5083567160,13546169.2543005,2016-12-31T00:00:00Z
5083567160,17269605.5824901,2017-12-31T00:00:00Z
5083567160,21711860.2775532,2018-12-31T00:00:00Z
5083567160,18384875.209476,2019-12-31T00:00:00Z
5083567160,32268772.0471751,2020-12-31T00:00:00Z
5083567550,,
5083567572,,
5083567659,,
5083567695,,
5083568165,,
5083568189,,
5083568320,,
5083568396,,
5083568585,,
5083568767,,
5083568877,,
5083568909,,
5083569818,3326604.01188836,2019-12-31T00:00:00Z
5083569818,4077904.37540919,2020-12-31T00:00:00Z
5083570275,6750386.82667348,2015-12-31T00:00:00Z
5083570275,6556154.61471503,2016-12-31T00:00:00Z
5083570435,,
5083571042,,
5083571102,,
5083571246,14556231.2164773,2019-12-31T00:00:00Z
5083571246,25485223.7627597,2020-12-31T00:00:00Z
5083571444,,
5083571706,,
5083571855,,
5083572090,,
5083572176,29082161.6181176,2020-12-31T00:00:00Z
5083572320,,
5083572736,,
5083572963,8968269.54084241,2019-12-31T00:00:00Z
5083572963,8631083.57815338,2020-12-31T00:00:00Z
5083573308,,
5083573519,,
5083573921,,
5083585442,,
5083596542,,
5083596881,11339051.4195875,2020-12-31T00:00:00Z
5083596991,9237478.98335975,2008-12-31T00:00:00Z
5083596991,10047202.385597,2009-12-31T00:00:00Z
5083596991,11605523.3145917,2010-12-31T00:00:00Z
5083596991,10067107.0185585,2011-12-31T00:00:00Z
5083596991,13258209.6657387,2012-12-31T00:00:00Z
5083596991,14338478.3944736,2013-12-31T00:00:00Z
5083596991,17880084.567664,2014-12-31T00:00:00Z
5083596991,18581500.6349206,2015-12-31T00:00:00Z
5083596991,24365569.9316062,2016-12-31T00:00:00Z
5083596991,28581183.6970282,2017-12-31T00:00:00Z
5083596991,32051983.5569927,2018-12-31T00:00:00Z
5083596991,35390523.3313404,2019-12-31T00:00:00Z
5083596991,,2020-12-31T00:00:00Z
5083597776,,
5083597798,,
5083597990,,
5083599169,17544523.359596,2008-03-31T00:00:00Z
5083599169,12915738.2729724,2009-03-31T00:00:00Z
5083599169,18311870.320728,2010-03-31T00:00:00Z
5083599169,23366826.6554085,2011-03-31T00:00:00Z
5083599169,29252662.0417182,2012-03-31T00:00:00Z
5083599169,35520570.5755817,2013-03-31T00:00:00Z
5083599169,46758196.7679519,2014-03-31T00:00:00Z
5083599169,49349199.7382648,2015-03-31T00:00:00Z
5083599169,,2016-03-31T00:00:00Z
5083599169,53045367.5816057,2017-03-31T00:00:00Z
5083599169,63721782.5531714,2018-03-31T00:00:00Z
5083599169,64778672.7127894,2019-03-31T00:00:00Z
5083599169,60648694.1065419,2020-03-31T00:00:00Z
5083599169,62423288.1961017,2021-03-31T00:00:00Z
5083599272,,
5083599277,,
5083599515,,
5083599581,14809684.2437306,2016-12-31T00:00:00Z
5083599581,12534406.7153052,2017-12-31T00:00:00Z
5083599581,11020310.6575047,2018-12-31T00:00:00Z
5083599581,11035587.2156802,2019-12-31T00:00:00Z
5083599581,17952169.248573,2020-12-31T00:00:00Z
5083600598,,
5083603088,,
5083604282,,
5083614305,101425182.033152,2019-12-31T00:00:00Z
5083614305,126408798.953406,2020-12-31T00:00:00Z
5083652072,,
5083663591,,
5083668865,,
5083668885,,
5083668893,6570555.17560406,2018-12-31T00:00:00Z
5083668893,11750253.7133796,2019-12-31T00:00:00Z
5083668893,12443192.9762926,2020-12-31T00:00:00Z
5083668939,,
5083668960,6115879.67721305,2012-12-31T00:00:00Z
5083668970,114340564.912044,2008-12-31T00:00:00Z
5083668970,126182467.052808,2009-12-31T00:00:00Z
5083668970,128919050.247211,2010-12-31T00:00:00Z
5083668970,127184908.810531,2011-12-31T00:00:00Z
5083668970,138624061.277792,2012-12-31T00:00:00Z
5083669035,,
5083669041,6201167.82673575,2016-12-31T00:00:00Z
5083669041,7505476.52597129,2017-12-31T00:00:00Z
5083669041,8426143.36746609,2018-12-31T00:00:00Z
5083669041,8755040.37710018,2019-12-31T00:00:00Z
5083669466,20107152.5602368,2020-12-31T00:00:00Z
5083669475,8499178.98527443,2010-12-31T00:00:00Z
5083669475,7976890.54380665,2011-12-31T00:00:00Z
5083669475,8685879.08280351,2012-12-31T00:00:00Z
5083669475,6341789.37970462,2013-12-31T00:00:00Z
5083669487,11127399.7795627,2010-12-31T00:00:00Z
5083669487,10228104.9339663,2011-12-31T00:00:00Z
5083669487,7904363.41277604,2012-12-31T00:00:00Z
5083669489,,
5083669490,,
5083669505,,
5083669521,13046094.7946923,2020-12-31T00:00:00Z
5083669527,9201774.17766999,2018-12-31T00:00:00Z
5083669527,13475685.3327788,2019-12-31T00:00:00Z
5083669527,13715674.2731473,2020-12-31T00:00:00Z
5083669534,8209249.69527106,2012-12-31T00:00:00Z
5083669534,5478898.05717008,2013-12-31T00:00:00Z
5083669534,,2014-12-31T00:00:00Z
5083669534,,2015-12-31T00:00:00Z
5083669534,,2016-12-31T00:00:00Z
5083669534,,2017-12-31T00:00:00Z
5083669534,,2018-12-31T00:00:00Z
5083669583,,
5083669593,7271449.96474512,2013-12-31T00:00:00Z
5083669593,7075452.09168268,2014-12-31T00:00:00Z
5083669593,7159297.15732584,2015-12-31T00:00:00Z
5083669593,6955200.98818653,2016-12-31T00:00:00Z
5083669599,,
5083669622,10678700.2709984,2008-12-31T00:00:00Z
5083669622,11876287.224681,2009-12-31T00:00:00Z
5083669622,12089004.3855422,2010-12-31T00:00:00Z
5083669622,9351.9205869659,2011-12-31T00:00:00Z
5083669626,7041058.75484063,2015-12-31T00:00:00Z
5083669626,4034830.69512953,2016-12-31T00:00:00Z
5083669626,,2017-12-31T00:00:00Z
5083669626,,2018-12-31T00:00:00Z
5083669626,,2019-12-31T00:00:00Z
5083669632,7054395.52832035,2015-12-31T00:00:00Z
5083669632,6786321.34549223,2016-12-31T00:00:00Z
5083669632,7399524.10326622,2017-12-31T00:00:00Z
5083669632,6307484.56121441,2018-12-31T00:00:00Z
5083669660,12031515.5732455,2014-12-31T00:00:00Z
5083669660,11084754.2099664,2015-12-31T00:00:00Z
5083669660,11217446.7407254,2016-12-31T00:00:00Z
5083669660,4006444.44048501,2017-12-31T00:00:00Z
5083669665,,
5083669734,,
5083669735,11642279.2520248,2013-12-31T00:00:00Z
5083669735,11826627.3629792,2014-12-31T00:00:00Z
5083669735,5168002.17115622,2015-12-31T00:00:00Z
5083669795,7132636.22391615,2013-12-31T00:00:00Z
5083669795,9550672.96824961,2014-12-31T00:00:00Z
5083669795,6694688.47865867,2015-12-31T00:00:00Z
5083669795,3996314.40248705,2016-12-31T00:00:00Z
5083669795,,2017-12-31T00:00:00Z
5083669797,4922148.10974277,2009-03-31T00:00:00Z
5083669805,24255685.5446225,2009-12-31T00:00:00Z
5083669814,,
5083669816,4794078.59080768,2010-12-31T00:00:00Z
5083669830,,
5083669847,,
5083669851,,
5083669857,,
5083669915,7718827.92771084,2010-12-31T00:00:00Z
5083669915,10721527.0056107,2011-12-31T00:00:00Z
5083669915,10653251.5358715,2012-12-31T00:00:00Z
5083669915,9868870.08670796,2013-12-31T00:00:00Z
5083669919,11893979.9793978,2008-12-31T00:00:00Z
5083669919,4469587.85889228,2009-12-31T00:00:00Z
5083669919,,2010-12-31T00:00:00Z
5083669919,,2011-12-31T00:00:00Z
5083669919,,2012-12-31T00:00:00Z
5083669919,,2013-12-31T00:00:00Z
5083669919,,2014-12-31T00:00:00Z
5083669919,,2015-12-31T00:00:00Z
5083669919,,2016-12-31T00:00:00Z
5083669919,,2017-12-31T00:00:00Z
5083669919,,2018-12-31T00:00:00Z
5083669945,,
5083670053,21044183.5619907,2017-12-31T00:00:00Z
5083670053,23178639.2059642,2018-12-31T00:00:00Z
5083670053,24554331.6245982,2019-12-31T00:00:00Z
5083670053,26077437.8027977,2020-12-31T00:00:00Z
5083670073,12658461.0959393,2010-12-31T00:00:00Z
5083670086,,
5083671293,,
5083692352,,
5083697563,15485263.0805831,2020-12-31T00:00:00Z
5083698775,,
5083700112,4580531.69337859,2009-12-31T00:00:00Z
5083700112,3574144.02498884,2010-12-31T00:00:00Z
5083700112,,2011-12-31T00:00:00Z
5083700112,,2012-12-31T00:00:00Z
5083700112,,2013-12-31T00:00:00Z
5083700112,,2014-12-31T00:00:00Z
5083700112,5292546.14919784,2015-12-31T00:00:00Z
5083700112,5036179.62943005,2016-12-31T00:00:00Z
5083700193,15034923.5594895,2009-12-31T00:00:00Z
5083700193,18835030.2195448,2010-12-31T00:00:00Z
5083700193,21331632.918429,2011-12-31T00:00:00Z
5083700193,,2012-12-31T00:00:00Z
5083700193,20931056.8041925,2013-12-31T00:00:00Z
5083700208,8471161.76386688,2008-12-31T00:00:00Z
5083700208,9590278.13002191,2009-12-31T00:00:00Z
5083700208,10257386.4176707,2010-12-31T00:00:00Z
5083700208,8887822.32283125,2011-12-31T00:00:00Z
5083700208,5879776.23020202,2012-12-31T00:00:00Z
5083700239,10109586.8807262,2017-12-31T00:00:00Z
5083700239,9310014.59534717,2018-12-31T00:00:00Z
5083700239,8444545.20956268,2019-12-31T00:00:00Z
5083700239,,2020-12-31T00:00:00Z
5083700240,9691658.10935024,2008-12-31T00:00:00Z
5083700240,10439767.7351437,2009-12-31T00:00:00Z
5083700240,10756909.1378849,2010-12-31T00:00:00Z
5083700241,11053342.3808359,2012-12-31T00:00:00Z
5083700241,9213377.36160076,2013-12-31T00:00:00Z
5083700241,4979188.28072102,2014-12-31T00:00:00Z
5083700242,6834936.7005801,2010-12-31T00:00:00Z
5083700242,6181458.79326716,2011-12-31T00:00:00Z
5083700242,7786857.07366164,2012-12-31T00:00:00Z
5083700242,,2013-12-31T00:00:00Z
5083700242,,2014-12-31T00:00:00Z
5083700242,,2015-12-31T00:00:00Z
5083700242,,2016-12-31T00:00:00Z
5083700242,,2017-12-31T00:00:00Z
5083700242,,2018-12-31T00:00:00Z
5083700242,,2019-12-31T00:00:00Z
5083700242,,2020-12-31T00:00:00Z
5083700244,,
5083700278,7560314.17800576,2017-12-31T00:00:00Z
5083700278,7255125.15584299,2018-12-31T00:00:00Z
5083700278,,2019-12-31T00:00:00Z
5083700284,5859239.06670327,2014-12-31T00:00:00Z
5083700294,,
5083700303,9936152.47746542,2010-12-31T00:00:00Z
5083700303,4449171.67889512,2011-12-31T00:00:00Z
5083700303,9308843.08528648,2012-12-31T00:00:00Z
5083700303,11731956.0161982,2013-12-31T00:00:00Z
5083700303,9734779.37688718,2014-12-31T00:00:00Z
5083700333,,
5083700349,11360798.4114235,2010-12-31T00:00:00Z
5083700349,15747239.5312905,2011-12-31T00:00:00Z
5083700349,16753857.2335503,2012-12-31T00:00:00Z
5083700356,13128301.8924329,2019-12-31T00:00:00Z
5083700356,9973472.07022785,2020-12-31T00:00:00Z
5083700372,,
5083700377,12657618.6831941,2018-12-31T00:00:00Z
5083700377,12905226.5746445,2019-12-31T00:00:00Z
5083700377,19518541.041246,2020-12-31T00:00:00Z
5083700380,8523621.2066042,2010-12-31T00:00:00Z
5083700380,8956356.08200259,2011-12-31T00:00:00Z
5083700380,8749725.48907114,2012-12-31T00:00:00Z
5083700380,7338020.73939971,2013-12-31T00:00:00Z
5083700380,6147142.14658249,2014-12-31T00:00:00Z
5083700381,12769005.4293803,2020-12-31T00:00:00Z
5083700384,,
5083702974,,
5083702990,7490968.38826108,2009-12-31T00:00:00Z
5083702990,7863074.756805,2010-12-31T00:00:00Z
5083702990,7776253.76435045,2011-12-31T00:00:00Z
5083702990,8389037.46567097,2012-12-31T00:00:00Z
5083702990,8443231.01953311,2013-12-31T00:00:00Z
5083702990,8059979.5132217,2014-12-31T00:00:00Z
5083702990,7507354.6210477,2015-12-31T00:00:00Z
5083702990,,2016-12-31T00:00:00Z
5083702990,,2017-12-31T00:00:00Z
5083702990,,2018-12-31T00:00:00Z
5083703001,9934224.03837573,2010-12-31T00:00:00Z
5083703001,9918863.8722486,2011-12-31T00:00:00Z
5083703001,0.0,2012-12-31T00:00:00Z
5083703010,,
5083703030,,
5083703051,8861422.84707601,2009-12-31T00:00:00Z
5083703051,10029701.5073628,2010-12-31T00:00:00Z
5083703051,11192583.3189469,2011-12-31T00:00:00Z
5083703051,12001610.5968549,2012-12-31T00:00:00Z
5083703051,,2013-12-31T00:00:00Z
5083703051,,2014-12-31T00:00:00Z
5083703051,,2015-12-31T00:00:00Z
5083703051,,2016-12-31T00:00:00Z
5083703055,6325324.78000893,2010-12-31T00:00:00Z
5083703055,6057795.78765645,2011-12-31T00:00:00Z
5083703055,6571178.50908544,2012-12-31T00:00:00Z
5083703088,10457614.0875693,2009-12-31T00:00:00Z
5083703088,22027051.741187,2010-12-31T00:00:00Z
5083703093,,
5083703105,,
5083703186,8148059.07725507,2011-12-31T00:00:00Z
5083703186,7484244.66724352,2012-12-31T00:00:00Z
5083703204,,
5083703220,8024611.22428815,2018-12-31T00:00:00Z
5083703220,7496601.80751601,2019-12-31T00:00:00Z
5083703279,,
5083703282,10496216.3142249,2017-12-31T00:00:00Z
5083703282,11540240.2407258,2018-12-31T00:00:00Z
5083703284,,
5083703289,,
5083703336,,
5083703349,7267909.77954178,2012-12-31T00:00:00Z
5083703349,6589616.33825631,2013-12-31T00:00:00Z
5083703383,9970521.77417818,2013-12-31T00:00:00Z
5083703383,9434471.8848934,2014-12-31T00:00:00Z
5083703383,8777132.38435678,2015-12-31T00:00:00Z
5083703383,8017894.19025907,2016-12-31T00:00:00Z
5083703383,9070031.38685447,2017-12-31T00:00:00Z
5083703383,8690164.50732058,2018-12-31T00:00:00Z
5083703383,8385643.5640819,2019-12-31T00:00:00Z
5083703385,6422752.48001437,2018-12-31T00:00:00Z
5083703385,6183541.6352561,2019-12-31T00:00:00Z
5083703394,7179956.89511451,2009-12-31T00:00:00Z
5083703394,8457712.22400714,2010-12-31T00:00:00Z
5083703394,14382895.3370738,2011-12-31T00:00:00Z
5083703394,13116769.6089312,2012-12-31T00:00:00Z
5083703394,9276538.61648404,2013-12-31T00:00:00Z
5083703440,,
5083703463,6998795.99347826,2009-01-31T00:00:00Z
5083703481,8899344.35593093,2012-12-31T00:00:00Z
5083703481,9134164.47641734,2013-12-31T00:00:00Z
5083703481,8678935.95479916,2014-12-31T00:00:00Z
5083703481,9634299.52253287,2015-12-31T00:00:00Z
5083703481,9983517.30569948,2016-12-31T00:00:00Z
5083703484,7671217.80023354,2018-12-31T00:00:00Z
5083703484,6972777.73012036,2019-12-31T00:00:00Z
5083703523,,
5083703542,,
5083703548,,
5083703550,,
5083703598,13230942.4924513,2014-12-31T00:00:00Z
5083703598,19205666.8590153,2015-12-31T00:00:00Z
5083703598,26535366.721658,2016-12-31T00:00:00Z
5083703598,41425608.7961964,2017-12-31T00:00:00Z
5083703598,50014835.8196353,2018-12-31T00:00:00Z
5083703598,58668581.1311272,2019-12-31T00:00:00Z
5083703598,70464056.6433373,2020-12-31T00:00:00Z
5083703612,8330068.96879861,2014-12-31T00:00:00Z
5083703643,8939644.35921868,2013-12-31T00:00:00Z
5083703667,7534489.44270184,2009-12-31T00:00:00Z
5083703667,11969109.157519,2010-12-31T00:00:00Z
5083703667,18471394.2037117,2011-12-31T00:00:00Z
5083703667,22684281.7219066,2012-12-31T00:00:00Z
5083703667,22577108.9156741,2013-12-31T00:00:00Z
5083703667,44082249.5745265,2014-12-31T00:00:00Z
5083703667,48295939.2382655,2015-12-31T00:00:00Z
5083703697,6779801.20628871,2013-12-31T00:00:00Z
5083703701,10064442.3615348,2009-12-31T00:00:00Z
5083703701,9818903.42436412,2010-12-31T00:00:00Z
5083703701,8452563.37246439,2011-12-31T00:00:00Z
5083703701,7985768.97407923,2012-12-31T00:00:00Z
5083703701,6973419.31681753,2013-12-31T00:00:00Z
5083703701,6748019.9149053,2014-12-31T00:00:00Z
5083703701,5979569.1382612,2015-12-31T00:00:00Z
5083703701,5742290.08331606,2016-12-31T00:00:00Z
5083703702,8983564.52218701,2008-12-31T00:00:00Z
5083703702,9836570.05714777,2009-12-31T00:00:00Z
5083703702,4875217.92949576,2010-12-31T00:00:00Z
5083703702,,2011-12-31T00:00:00Z
5083703702,,2012-12-31T00:00:00Z
5083703702,,2013-12-31T00:00:00Z
5083703702,,2014-12-31T00:00:00Z
5083703702,,2015-12-31T00:00:00Z
5083703702,,2016-12-31T00:00:00Z
5083703702,,2017-12-31T00:00:00Z
5083703702,,2018-12-31T00:00:00Z
5083703702,,2019-12-31T00:00:00Z
5083703710,10101034.6584088,2013-12-31T00:00:00Z
5083703710,14786625.8870894,2014-12-31T00:00:00Z
5083703710,20877243.7797353,2015-12-31T00:00:00Z
5083703710,26248525.6621762,2016-12-31T00:00:00Z
5083703710,37236660.1948667,2017-12-31T00:00:00Z
5083703710,43214053.5291476,2018-12-31T00:00:00Z
5083703710,48361689.5067024,2019-12-31T00:00:00Z
5083703710,56712077.6462235,2020-12-31T00:00:00Z
5083703767,12477094.7750136,2019-12-31T00:00:00Z
5083703767,13590119.3624536,2020-12-31T00:00:00Z
5083703813,,
5083703826,,
5083703846,11201882.2721609,2009-12-31T00:00:00Z
5083703846,10961861.1923249,2010-12-31T00:00:00Z
5083703846,9822403.69097971,2011-12-31T00:00:00Z
5083703846,10684509.5829728,2012-12-31T00:00:00Z
5083703846,10840764.1762744,2013-12-31T00:00:00Z
5083703846,10543388.4966603,2014-12-31T00:00:00Z
5083703846,9807408.65738968,2015-12-31T00:00:00Z
5083703846,9769246.80704663,2016-12-31T00:00:00Z
5083703846,11314521.2909215,2017-12-31T00:00:00Z
5083703852,24846358.4676484,2010-12-31T00:00:00Z
5083703852,24309137.953388,2011-12-31T00:00:00Z
5083703861,,
5083703879,7493193.10052406,2013-12-31T00:00:00Z
5083703879,9891295.96120414,2014-12-31T00:00:00Z
5083703879,10250427.9416145,2015-12-31T00:00:00Z
5083703882,19336270.7751729,2018-12-31T00:00:00Z
5083703882,40111969.4463941,2019-12-31T00:00:00Z
5083703882,13513650.597988,2020-12-31T00:00:00Z
5083703889,10103720.9905572,2012-12-31T00:00:00Z
5083703889,11250768.3249166,2013-12-31T00:00:00Z
5083703889,11066227.7610028,2014-12-31T00:00:00Z
5083703889,13489826.762841,2015-12-31T00:00:00Z
5083703889,13810488.3299482,2016-12-31T00:00:00Z
5083703889,16461511.7060682,2017-12-31T00:00:00Z
5083703889,17013667.0645828,2018-12-31T00:00:00Z
5083703889,17355148.6894209,2019-12-31T00:00:00Z
5083703889,19114437.6903003,2020-12-31T00:00:00Z
5083703894,0.0,2015-12-31T00:00:00Z
5083703894,6374285.2161658,2016-12-31T00:00:00Z
5083703894,7215698.72370753,2017-12-31T00:00:00Z
5083703899,15932436.4753436,2018-12-31T00:00:00Z
5083703899,14186475.1002972,2019-12-31T00:00:00Z
5083703899,14707839.0384243,2020-12-31T00:00:00Z
5083703917,10240284.939495,2013-12-31T00:00:00Z
5083703917,9811567.03358038,2014-12-31T00:00:00Z
5083703917,11311747.86076,2015-12-31T00:00:00Z
5083703917,6626882.34860104,2016-12-31T00:00:00Z
5083703928,7991160.11227881,2018-12-31T00:00:00Z
5083703928,8624037.19531744,2019-12-31T00:00:00Z
5083703928,,2020-12-31T00:00:00Z
5083703974,,
5083703981,3169455.30687047,2019-12-31T00:00:00Z
5083703981,4606924.6645827,2020-12-31T00:00:00Z
5083703987,6963460.20200095,2013-12-31T00:00:00Z
5083703987,11547932.5034312,2014-12-31T00:00:00Z
5083703987,-34569.3484829142,2015-12-31T00:00:00Z
